{
  "r2_train": 0.7765173230899778,
  "r2_test": 0.7812829583206908,
  "spearman_test": 0.8702038800615671,
  "mae_test_log": 0.5289809890507983,
  "median_pct_error": 40.88065791292775,
  "mean_pct_error": 71.93555808220472,
  "pct_within_50": 60.0216684723727,
  "pct_within_100": 85.6988082340195,
  "n_train": 3690,
  "n_test": 923
}